id;name;gender;birth_location;birth_date;address;phone
1;calculate networks;Account modular Concrete;Tuna Bedfordshire;2024-07-01;withdrawal;(829) 800-2521
2;Underpass;payment backing Berkshire;indigo Car;2024-06-30;Germany internet Granite;1-614-511-3012 x36917
3;Jersey time-frame;deposit Soap Marketing;Devolved rich;2024-06-30;Expressway infrastructures;256-695-2000
4;Uruguayo;Bacon Officer;Table;2024-06-30;microchip;377-242-4750
5;Checking National;24/7;Chair Rustic;2024-06-30;Ball Personal;1-510-515-5336 x5526
6;communities redundant incentivize;payment Assimilated;Idaho;2024-06-30;GB;(798) 723-9800 x83046
7;feed Handmade Unbranded;Finland;bus killer;2024-06-30;Glen;975.789.4208
8;Gorgeous;engage;Expanded Agent;2024-06-30;back-end Global Toys;318-401-2443 x13576
9;Agent quantifying;Hawaii;framework;2024-06-30;Chips;904.464.8282
10;deposit Frozen;deposit;Germany orange;2024-06-30;attitude Rubber;1-973-767-7311 x871
